旧文件名,新文件名
Francoeditor_信任增强素材_代言人推荐_男性KOL推荐_SC154711.png,美白洁面_Francoeditor_信任增强素材_代言人推荐_男性KOL推荐_SC154711.png
Francoeditor_信任增强素材_代言人推荐_男性KOL推荐_SC154717.png,美白洁面_Francoeditor_信任增强素材_代言人推荐_男性KOL推荐_SC154717.png
Francoeditor_信任增强素材_代言人推荐_男性KOL推荐_SC154733.png,美白洁面_Francoeditor_信任增强素材_代言人推荐_男性KOL推荐_SC154733.png
Francoeditor_信任增强素材_数据背书_时间结果证明_SC154455.png,美白洁面_Francoeditor_信任增强素材_数据背书_时间结果证明_SC154455.png
Francoeditor_信任增强素材_深度成分讲解_三成分机制_SC153922.png,美白洁面_Francoeditor_信任增强素材_深度成分讲解_三成分机制_SC153922.png
Francoeditor_信任增强素材_深度成分讲解_三成分机制_SC154214.png,美白洁面_Francoeditor_信任增强素材_深度成分讲解_三成分机制_SC154214.png
Francoeditor_信任增强素材_深度成分讲解_三成分机制_SC154336.png,美白洁面_Francoeditor_信任增强素材_深度成分讲解_三成分机制_SC154336.png
Francoeditor_信任增强素材_深度成分讲解_三成分机制_SC154607.png,美白洁面_Francoeditor_信任增强素材_深度成分讲解_三成分机制_SC154607.png
Francoeditor_品牌资产素材_合集_多利益点清单_SC154602.png,美白洁面_Francoeditor_品牌资产素材_合集_多利益点清单_SC154602.png
Francoeditor_品牌资产素材_高级AI产品图_极简产品大片_SC154350.png,美白洁面_Francoeditor_品牌资产素材_高级AI产品图_极简产品大片_SC154350.png
Francoeditor_品牌资产素材_高级AI产品图_极简产品大片_SC154423.png,美白洁面_Francoeditor_品牌资产素材_高级AI产品图_极简产品大片_SC154423.png
Francoeditor_转化强素材_BA_暗沉疲态到清爽提亮_SC153440.png,美白洁面_Francoeditor_转化强素材_BA_暗沉疲态到清爽提亮_SC153440.png
Francoeditor_转化强素材_BA_暗沉疲态到清爽提亮_SC153458.png,美白洁面_Francoeditor_转化强素材_BA_暗沉疲态到清爽提亮_SC153458.png
Francoeditor_转化强素材_BA_暗沉疲态到清爽提亮_SC154011.png,美白洁面_Francoeditor_转化强素材_BA_暗沉疲态到清爽提亮_SC154011.png
Francoeditor_转化强素材_BA_暗沉疲态到清爽提亮_SC154417.png,美白洁面_Francoeditor_转化强素材_BA_暗沉疲态到清爽提亮_SC154417.png
Francoeditor_转化强素材_场景实拍_通勤出油场景_SC153714.png,美白洁面_Francoeditor_转化强素材_场景实拍_通勤出油场景_SC153714.png
Francoeditor_转化强素材_场景实拍_通勤出油场景_SC153934.png,美白洁面_Francoeditor_转化强素材_场景实拍_通勤出油场景_SC153934.png
Francoeditor_转化强素材_大质地_绵密珍珠泡沫_SC154134.png,美白洁面_Francoeditor_转化强素材_大质地_绵密珍珠泡沫_SC154134.png
Francoeditor_转化强素材_大质地_绵密珍珠泡沫_SC154142.png,美白洁面_Francoeditor_转化强素材_大质地_绵密珍珠泡沫_SC154142.png
Francoeditor_转化强素材_大质地_绵密珍珠泡沫_SC154258.png,美白洁面_Francoeditor_转化强素材_大质地_绵密珍珠泡沫_SC154258.png
Francoeditor_转化强素材_实拍水感_冰水冷感_SC154800.png,美白洁面_Francoeditor_转化强素材_实拍水感_冰水冷感_SC154800.png
Francoeditor_转化强素材_实拍水感_冰水冷感_SC154832.png,美白洁面_Francoeditor_转化强素材_实拍水感_冰水冷感_SC154832.png
Francoeditor_转化强素材_实拍水感_冰水冷感_SC154837.png,美白洁面_Francoeditor_转化强素材_实拍水感_冰水冷感_SC154837.png
Francoeditor_转化强素材_实拍水感_冰水冷感_SC154857.png,美白洁面_Francoeditor_转化强素材_实拍水感_冰水冷感_SC154857.png
Francoeditor_转化强素材_洗脸过程_泡沫上脸_SC154738.png,美白洁面_Francoeditor_转化强素材_洗脸过程_泡沫上脸_SC154738.png
